Data,RF,Platt,ISO,Rank
parkinsons,0.9262498656450194,0.9262498656450194,0.8914360220557438,0.8733613041357142
vertebral,0.916786709359011,0.916786709359011,0.8972586732597666,0.8841291480683422
