Data,RF,Platt,ISO,Rank,CRF
laplace0,0.9553333333333331,0.956,0.9556666666666668,0.929,0.9553333333333331
laplace1,0.9546666666666668,0.9563333333333331,0.955,0.929,0.9546666666666668
Mean,0.955,0.9561666666666666,0.9553333333333334,0.929,0.955
Rank,3.5,1.0,2.0,5.0,3.5
