Data,RF,Platt,ISO,Rank,CRF
laplace0,0.0090361643005141,0.0079389796763025,0.0076457564148443,0.2610434068548274,0.008912712743333
Mean,0.0090361643005141,0.0079389796763025,0.0076457564148443,0.2610434068548274,0.008912712743333
Rank,4.0,2.0,1.0,5.0,3.0
