Data,RF,Platt,ISO,Rank,CRF
laplace0,0.0263516666666666,0.0204918418640311,0.0141209936340932,0.3198507717529592,0.0236418479291461
Mean,0.0263516666666666,0.0204918418640311,0.0141209936340932,0.3198507717529592,0.0236418479291461
Rank,4.0,2.0,1.0,5.0,3.0
