Data,RF,Platt,ISO,Rank,CRF
laplace0,0.0395296333333333,0.031654331185583,0.0318189307196719,0.053533470582439,0.0336092033205404
laplace1,0.0416136520412773,0.0320374986794201,0.0323649476467462,0.053533470582439,0.0345282618618402
Mean,0.0405716426873053,0.03184591493250155,0.03209193918320905,0.053533470582439,0.034068732591190296
Rank,4.0,1.0,2.0,5.0,3.0
