Data,RF,Platt,ISO,Rank,CRF
laplace0,0.974708254975566,0.974708254975566,0.9740812696071754,0.9632328743200548,0.974708254975566
laplace1,0.9743725749951028,0.9743725749951028,0.9734167899944016,0.9632328743200548,0.9743725749951028
Mean,0.9745404149853344,0.9745404149853344,0.9737490298007885,0.9632328743200548,0.9745404149853344
Rank,2.0,2.0,4.0,5.0,2.0
