Data,RF,Platt,ISO,Rank,CRF
laplace0,0.017354941053711,0.0089287801017851,0.0096287877652636,0.0294127110646024,0.0112350499846786
laplace1,0.0194190361967011,0.0091059837243069,0.0099225935654433,0.0294127110646024,0.0120873541268251
Mean,0.01838698862520605,0.009017381913046001,0.00977569066535345,0.0294127110646024,0.01166120205575185
Rank,4.0,1.0,2.0,5.0,3.0
