Data,RF,Platt,ISO,Rank,CRF
laplace0,0.8504999999999999,0.8503000000000001,0.8496666666666666,0.5597,0.8505333333333333
Mean,0.8504999999999999,0.8503000000000001,0.8496666666666666,0.5597,0.8505333333333333
Rank,2.0,3.0,4.0,5.0,1.0
