Data,RF,Platt,ISO,Rank,CRF
laplace0,0.0546966666666667,0.0168851923198797,0.0141022398355521,0.0396284511018389,0.0293260730000458
laplace1,0.0701011689239455,0.0215294248194049,0.0178054035161227,0.0396284511018389,0.0411440082005582
Mean,0.0623989177953061,0.019207308569642298,0.0159538216758374,0.0396284511018389,0.035235040600302
Rank,5.0,2.0,1.0,3.5,3.5
