Data,RF,Platt,ISO,Rank,CRF
laplace0,0.0966986766666666,0.0956435404324151,0.0953863855593901,0.3507306330873113,0.0964742281253702
Mean,0.0966986766666666,0.0956435404324151,0.0953863855593901,0.3507306330873113,0.0964742281253702
Rank,4.0,2.0,1.0,5.0,3.0
