Data,RF,Platt,ISO,Rank,CRF
laplace0,0.890511016786242,0.890511016786242,0.8892520591475446,0.5601482585471756,0.890511016786242
Mean,0.890511016786242,0.890511016786242,0.8892520591475446,0.5601482585471756,0.890511016786242
Rank,2.0,2.0,4.0,5.0,2.0
