RF,Platt,ISO,Rank,CRF
0.1566613741070417,0.0123004129324384,0.0123116375494016,0.0213102038439928,0.0764088423837702
5.0,1.0,2.0,3.0,4.0
