RF,Platt,ISO,Rank,CRF
0.127652158611578,0.1003129344289825,0.1016207022431646,0.1042443660146975,0.1073162500101238
0.127652158611578,0.1003129344289825,0.1016207022431646,0.1042443660146975,0.1073162500101238
5.0,1.0,2.0,3.0,4.0
