RF,Platt,ISO,Rank,CRF
0.0536920040923861,0.0260119360404521,0.0269869317806361,0.0293375119377718,0.0334553930564058
5.0,1.0,2.0,3.0,4.0
