RF,Platt,ISO,Rank,CRF
0.9342924663948594,0.9342924663948594,0.9331961852170716,0.9319752306679604,0.9342924663948594
2.0,2.0,4.0,5.0,2.0
