RF,Platt,ISO,Rank,CRF
0.0947868985836024,0.0159674875616999,0.0191809225942783,0.0311763333799003,0.0488433545651108
5.0,1.0,2.0,3.0,4.0
