RF,Platt,ISO,Rank,CRF
0.065341205450133,0.0536232503422551,0.0547033523012974,0.0511345880779697,0.0572349543516033
5.0,2.0,3.0,1.0,4.0
