RF,Platt,ISO,Rank,CRF
0.8193333333333334,0.8183333333333334,0.8223333333333334,0.817,0.8193333333333334
2.5,4.0,1.0,5.0,2.5
