RF,Platt,ISO,Rank,CRF
0.1403613638831101,0.129325439577276,0.130238068715433,0.1270506096180494,0.1325821933850939
5.0,2.0,3.0,1.0,4.0
