Data,RF,Platt,ISO,Rank,CRF
tree100,0.0267797628086835,0.0175211159892607,0.0176959165443508,0.0203395487113552,0.0198388213105017
Mean,0.0267797628086835,0.0175211159892607,0.0176959165443508,0.0203395487113552,0.0198388213105017
Rank,5.0,1.0,2.0,4.0,3.0
