Data,RF,Platt,ISO,Rank,CRF
tree10,0.0416425437069522,0.0039197385970244,0.0039440805797235,0.0127610389090257,0.0193061127017046
Mean,0.0416425437069522,0.0039197385970244,0.0039440805797235,0.0127610389090257,0.0193061127017046
Rank,5.0,1.0,2.0,3.0,4.0
