Data,RF,Platt,ISO,Rank,CRF
tree100,0.0549079413095132,0.0031417254791504,0.0025412778214104,0.0056431067902042,0.0263277967710997
Mean,0.0549079413095132,0.0031417254791504,0.0025412778214104,0.0056431067902042,0.0263277967710997
Rank,5.0,2.0,1.0,3.0,4.0
