Data,RF,Platt,ISO,Rank,CRF
tree100,0.9761333333333332,0.9761333333333332,0.9761,0.9720666666666666,0.9761333333333332
Mean,0.9761333333333332,0.9761333333333332,0.9761,0.9720666666666666,0.9761333333333332
Rank,2.0,2.0,4.0,5.0,2.0
