Data,RF,Platt,ISO,Rank,CRF
tree10,0.9666333333333336,0.9663,0.9665666666666668,0.9570333333333334,0.9666333333333336
Mean,0.9666333333333336,0.9663,0.9665666666666668,0.9570333333333334,0.9666333333333336
Rank,1.5,4.0,3.0,5.0,1.5
