Data,RF,Platt,ISO,Rank,CRF
tree100,0.0152415583678264,0.0058693727549443,0.0060271561257685,0.0086567517030019,0.0082593235551906
Mean,0.0152415583678264,0.0058693727549443,0.0060271561257685,0.0086567517030019,0.0082593235551906
Rank,5.0,1.0,2.0,4.0,3.0
