Data,RF,Platt,ISO,Rank,CRF
tree10,0.0187837263100156,0.0125731771881583,0.0127962448642292,0.0194094309570689,0.0141023850492164
Mean,0.0187837263100156,0.0125731771881583,0.0127962448642292,0.0194094309570689,0.0141023850492164
Rank,4.0,1.0,2.0,5.0,3.0
