Data,RF,Platt,ISO,Rank,CRF
tree100,0.9904815559688054,0.9904815559688054,0.9902809498934056,0.9888031877758902,0.9904815559688054
Mean,0.9904815559688054,0.9904815559688054,0.9902809498934056,0.9888031877758902,0.9904815559688054
Rank,2.0,2.0,4.0,5.0,2.0
