Data,RF,Platt,ISO,Rank,CRF
tree10,0.98351138667353,0.98351138667353,0.9831015774268772,0.9828386229585409,0.98351138667353
Mean,0.98351138667353,0.98351138667353,0.9831015774268772,0.9828386229585409,0.98351138667353
Rank,2.0,2.0,4.0,5.0,2.0
