Data,RF,Platt,ISO,Rank,CRF
tree10,0.0305099062811475,0.0245108441411549,0.0246988190196981,0.0313189179517022,0.0258442287392554
Mean,0.0305099062811475,0.0245108441411549,0.0246988190196981,0.0313189179517022,0.0258442287392554
Rank,4.0,1.0,2.0,5.0,3.0
