Data,RF,Platt,ISO,Rank,CRF,VA,Beta,Elkan,tlr
spambase,0.9464011585807388,0.9462346125995656,0.9454236060825488,0.9424040550325852,0.9464011585807388,0.3958942795076032,0.946017378711079,0.9255756698044896,0.931643736422882
climate,0.9191975308641974,0.9311111111111112,0.9274074074074072,0.8751851851851852,0.9191975308641974,0.9170987654320986,0.9316666666666668,0.9170987654320986,0.9170987654320986
Mean,0.9327993447224681,0.9386728618553384,0.936415506744978,0.9087946201088852,0.9327993447224681,0.6564965224698509,0.938842022688873,0.9213372176182941,0.9243712509274903
Rank,3.0,2.5,4.0,7.5,3.0,8.0,2.5,7.5,7.0
