RF,Platt,ISO,Rank,CRF
0.895204586557766,0.895204586557766,0.8940018552108803,0.9024449759298168,0.895204586557766
0.895204586557766,0.895204586557766,0.8940018552108803,0.9024449759298168,0.895204586557766
3.0,3.0,5.0,1.0,3.0
