Data,RF,Platt,ISO,Rank,CRF,VA,Beta,Elkan,tlr
spambase,0.937726285300507,0.9370021723388848,0.9380159304851556,0.9362780593772628,0.937726285300507,0.3968139029688631,0.9365677045619116,0.9164373642288196,0.9125271542360608
climate,0.9222222222222222,0.925925925925926,0.925925925925926,0.8938271604938273,0.9222222222222222,0.9197530864197532,0.925925925925926,0.9197530864197532,0.9197530864197532
Mean,0.9299742537613646,0.9314640491324054,0.9319709282055408,0.915052609935545,0.9299742537613646,0.6582834946943081,0.9312468152439188,0.9180952253242864,0.9161401203279069
Rank,3.5,3.0,1.5,7.5,3.5,8.0,3.5,7.0,7.5
