Data,RF,Platt,ISO,Rank,CRF,VA,Beta,Elkan,tlr
spambase,0.0717007432806095,0.0141057152670209,0.0151520662626266,0.0164795391430171,0.0350801644369465,0.0184228568935478,0.0145124665366958,0.0748451732419572,0.0275868211440984
climate,0.0653808498023183,0.0446578443099225,0.0456614266391124,0.131343448297023,0.0642035485853023,0.0453578547374663,0.0429957026990326,0.0637001377798017,0.0810629629629629
Mean,0.0685407965414639,0.0293817797884717,0.0304067464508695,0.07391149372002004,0.049641856511124405,0.031890355815507046,0.0287540846178642,0.06927265551087945,0.05432489205353065
Rank,7.5,1.5,3.5,6.5,6.5,4.0,1.5,7.0,7.0
