Data,RF,Platt,ISO,Rank,CRF,VA,Beta,Elkan,tlr
spambase,0.0615770893511666,0.015765284671068,0.0135574654225445,0.0176072911915081,0.0350760131850193,0.0177627226809203,0.0133030230538111,0.0589110164507964,0.0297031136857349
climate,0.0439294004189053,0.0473646057197692,0.052593934823175,0.1178288911587715,0.0445232964013662,0.0529511074439099,0.0480122745019474,0.0539111605619209,0.0792592592592592
Mean,0.05275324488503595,0.0315649451954186,0.03307570012285975,0.0677180911751398,0.03979965479319275,0.035356915062415104,0.03065764877787925,0.05641108850635865,0.05448118647249705
Rank,5.0,3.0,3.5,6.5,4.5,5.5,2.5,7.5,7.0
