Data,RF,Platt,ISO,Rank,CRF,VA,Beta,Elkan,tlr
spambase,0.0534505861682376,0.0474133694389849,0.048008029342916,0.0498258707628639,0.0493977534397117,0.047522831294715,0.0477380751420739,0.0680602801787336,0.0631064446053584
climate,0.0628119731242341,0.0621771281533783,0.0651528831739277,0.1032864027668903,0.0627246763251094,0.0649296301028419,0.0624346738751656,0.066625501309687,0.0793827160493827
Mean,0.05813127964623585,0.0547952487961816,0.056580456258421855,0.0765561367648771,0.05606121488241055,0.056226230698778454,0.05508637450861975,0.0673428907442103,0.07124458032737055
Rank,5.5,1.0,5.0,7.5,4.0,3.5,2.5,8.0,8.0
