RF,Platt,ISO,Rank,CRF
0.0760973141732756,0.0672134907229528,0.0551785138792185,0.0635331024788208,0.076110002486132
0.0760973141732756,0.0672134907229528,0.0551785138792185,0.0635331024788208,0.076110002486132
4.0,3.0,1.0,2.0,5.0
