Data,RF,Platt,ISO,Rank,CRF,VA,Beta,Elkan,tlr
spambase,0.9831432904997672,0.9831432904997672,0.9819828445079558,0.9805756298352388,0.9831432904997672,0.9825720921945756,0.9831432904997672,0.9831432904997672,0.9781824598419572
climate,0.8916231706528442,0.8916231706528442,0.8643230089284772,0.8521582977716398,0.8916231706528442,0.8601814925495808,0.8906318852497942,0.8916231706528442,0.5960545949664378
Mean,0.9373832305763057,0.9373832305763057,0.9231529267182166,0.9163669638034393,0.9373832305763057,0.9213767923720781,0.9368875878747807,0.9373832305763057,0.7871185274041974
Rank,2.75,2.75,6.5,8.0,2.75,6.5,4.0,2.75,9.0
