RF,Platt,ISO,Rank,CRF
0.1970466366958267,0.195029140322109,0.1946826974415667,0.1905208036587335,0.1970471364931452
0.1970466366958267,0.195029140322109,0.1946826974415667,0.1905208036587335,0.1970471364931452
4.0,3.0,2.0,1.0,5.0
