Data,RF,Platt,ISO,Rank,CRF,VA,Beta,Elkan,tlr
spambase,0.0489787318642484,0.0413702091803527,0.0420429519635244,0.0449454051772914,0.0437768661846884,0.0421858864611094,0.0415096235639776,0.0646729438616387,0.0548272874728457
climate,0.0593896870098831,0.053978218648084,0.0582116092358059,0.1019071439193437,0.0600140413230253,0.0572951173657085,0.0548513551647603,0.0657809875564177,0.0822977777777777
Mean,0.05418420943706575,0.04767421391421835,0.05012728059966515,0.07342627454831754,0.051895453753856846,0.04974050191340895,0.04818048936436895,0.0652269657090282,0.0685625326253117
Rank,6.0,1.0,3.5,7.5,5.5,3.5,2.0,8.0,8.0
