Data,RF,Platt,ISO,Rank,CRF,VA,Beta,Elkan,tlr
spambase,0.98030102189432,0.98030102189432,0.9796594919842512,0.9788655623649564,0.98030102189432,0.979938875091508,0.98030102189432,0.98030102189432,0.9685726765531714
climate,0.8206322702023954,0.8206322702023954,0.7958678863657258,0.7967324354927554,0.8206322702023954,0.7958274031929682,0.8206322702023954,0.8206322702023954,0.5292419549130958
Mean,0.9004666460483577,0.9004666460483577,0.8877636891749885,0.8877989989288559,0.9004666460483577,0.8878831391422382,0.9004666460483577,0.9004666460483577,0.7489073157331336
Rank,3.0,3.0,7.0,7.0,3.0,7.0,3.0,3.0,9.0
