RF,Platt,ISO,Rank,CRF
0.7771145792677642,0.7771145792677642,0.7728632765254407,0.7857133951074167,0.7771145792677642
0.7771145792677642,0.7771145792677642,0.7728632765254407,0.7857133951074167,0.7771145792677642
3.0,3.0,5.0,1.0,3.0
