RF,Platt,ISO,Rank,CRF
0.9966666666666668,0.9966666666666668,0.9933333333333332,0.9333333333333332,0.9966666666666668
0.9966666666666668,0.9966666666666668,0.9933333333333332,0.9333333333333332,0.9966666666666668
2.0,2.0,4.0,5.0,2.0
